-- 자동 생성: analytics/csv_to_seed_sql.py (직접 수정 금지)
-- KAMIS 시세 기반 판매자/상품/lot 시드. initdb.d 03 단계로 첫 기동 시 1회 실행.
-- 생성일 2026-06-23 · 판매자 30 · 상품 133 · lot 532

INSERT INTO users (user_id, role, email, password, name, intro, phone, status, created_at) VALUES
  (11, 'SELLER', 'kseller11@fresh.test', '$2b$10$5I3GEXrJghnjSVepCQmjFucBk9jGYpPUDEAEQ5sOC.ltXkgnSSh4O', '(주)가야농산', 'KAMIS 시세 연동 산지직송', '010-4332-1819', 'ACTIVE', '2025-09-11 00:00:00'),
  (12, 'SELLER', 'kseller12@fresh.test', '$2b$10$5I3GEXrJghnjSVepCQmjFucBk9jGYpPUDEAEQ5sOC.ltXkgnSSh4O', '(주)가야고려상사농산', 'KAMIS 시세 연동 산지직송', '010-3890-8386', 'ACTIVE', '2025-12-02 00:00:00'),
  (13, 'SELLER', 'kseller13@fresh.test', '$2b$10$5I3GEXrJghnjSVepCQmjFucBk9jGYpPUDEAEQ5sOC.ltXkgnSSh4O', '유한회사조선시스템농산', 'KAMIS 시세 연동 산지직송', '010-0265-4235', 'ACTIVE', '2025-11-18 00:00:00'),
  (14, 'SELLER', 'kseller14@fresh.test', '$2b$10$5I3GEXrJghnjSVepCQmjFucBk9jGYpPUDEAEQ5sOC.ltXkgnSSh4O', '(주)시너지네트워크농산', 'KAMIS 시세 연동 산지직송', '010-5594-0781', 'ACTIVE', '2025-10-23 00:00:00'),
  (15, 'SELLER', 'kseller15@fresh.test', '$2b$10$5I3GEXrJghnjSVepCQmjFucBk9jGYpPUDEAEQ5sOC.ltXkgnSSh4O', '(주)인포발해연구소농산', 'KAMIS 시세 연동 산지직송', '010-9310-3413', 'ACTIVE', '2025-10-22 00:00:00'),
  (16, 'SELLER', 'kseller16@fresh.test', '$2b$10$5I3GEXrJghnjSVepCQmjFucBk9jGYpPUDEAEQ5sOC.ltXkgnSSh4O', '유한회사미래제조농산', 'KAMIS 시세 연동 산지직송', '010-5255-3419', 'ACTIVE', '2025-12-13 00:00:00'),
  (17, 'SELLER', 'kseller17@fresh.test', '$2b$10$5I3GEXrJghnjSVepCQmjFucBk9jGYpPUDEAEQ5sOC.ltXkgnSSh4O', '주식회사이노농산', 'KAMIS 시세 연동 산지직송', '010-3276-4835', 'ACTIVE', '2025-09-11 00:00:00'),
  (18, 'SELLER', 'kseller18@fresh.test', '$2b$10$5I3GEXrJghnjSVepCQmjFucBk9jGYpPUDEAEQ5sOC.ltXkgnSSh4O', '주식회사가온에너지농산', 'KAMIS 시세 연동 산지직송', '010-6413-9537', 'ACTIVE', '2025-11-23 00:00:00'),
  (19, 'SELLER', 'kseller19@fresh.test', '$2b$10$5I3GEXrJghnjSVepCQmjFucBk9jGYpPUDEAEQ5sOC.ltXkgnSSh4O', '유한회사나루모두랩스농산', 'KAMIS 시세 연동 산지직송', '010-3884-9696', 'ACTIVE', '2025-09-25 00:00:00'),
  (20, 'SELLER', 'kseller20@fresh.test', '$2b$10$5I3GEXrJghnjSVepCQmjFucBk9jGYpPUDEAEQ5sOC.ltXkgnSSh4O', '주식회사글로벌윈드코스메틱농산', 'KAMIS 시세 연동 산지직송', '010-1012-2691', 'ACTIVE', '2025-09-12 00:00:00'),
  (21, 'SELLER', 'kseller21@fresh.test', '$2b$10$5I3GEXrJghnjSVepCQmjFucBk9jGYpPUDEAEQ5sOC.ltXkgnSSh4O', '유한회사종합우리플랫폼농산', 'KAMIS 시세 연동 산지직송', '010-4801-8451', 'ACTIVE', '2025-11-03 00:00:00'),
  (22, 'SELLER', 'kseller22@fresh.test', '$2b$10$5I3GEXrJghnjSVepCQmjFucBk9jGYpPUDEAEQ5sOC.ltXkgnSSh4O', '유한회사네오우리개발농산', 'KAMIS 시세 연동 산지직송', '010-4828-1489', 'ACTIVE', '2025-12-27 00:00:00'),
  (23, 'SELLER', 'kseller23@fresh.test', '$2b$10$5I3GEXrJghnjSVepCQmjFucBk9jGYpPUDEAEQ5sOC.ltXkgnSSh4O', '주식회사스타반도체농산', 'KAMIS 시세 연동 산지직송', '010-8809-5701', 'ACTIVE', '2025-11-28 00:00:00'),
  (24, 'SELLER', 'kseller24@fresh.test', '$2b$10$5I3GEXrJghnjSVepCQmjFucBk9jGYpPUDEAEQ5sOC.ltXkgnSSh4O', '(유)마음겨레소프트농산', 'KAMIS 시세 연동 산지직송', '010-9117-1822', 'ACTIVE', '2025-12-01 00:00:00'),
  (25, 'SELLER', 'kseller25@fresh.test', '$2b$10$5I3GEXrJghnjSVepCQmjFucBk9jGYpPUDEAEQ5sOC.ltXkgnSSh4O', '유한회사인포농산', 'KAMIS 시세 연동 산지직송', '010-2489-6383', 'ACTIVE', '2025-11-26 00:00:00'),
  (26, 'SELLER', 'kseller26@fresh.test', '$2b$10$5I3GEXrJghnjSVepCQmjFucBk9jGYpPUDEAEQ5sOC.ltXkgnSSh4O', '(유)신라농산', 'KAMIS 시세 연동 산지직송', '010-5787-1331', 'ACTIVE', '2025-12-04 00:00:00'),
  (27, 'SELLER', 'kseller27@fresh.test', '$2b$10$5I3GEXrJghnjSVepCQmjFucBk9jGYpPUDEAEQ5sOC.ltXkgnSSh4O', '(주)조선인포센터농산', 'KAMIS 시세 연동 산지직송', '010-9301-0310', 'ACTIVE', '2025-11-01 00:00:00'),
  (28, 'SELLER', 'kseller28@fresh.test', '$2b$10$5I3GEXrJghnjSVepCQmjFucBk9jGYpPUDEAEQ5sOC.ltXkgnSSh4O', '(주)윈드마음시스템농산', 'KAMIS 시세 연동 산지직송', '010-7382-9973', 'ACTIVE', '2025-09-16 00:00:00'),
  (29, 'SELLER', 'kseller29@fresh.test', '$2b$10$5I3GEXrJghnjSVepCQmjFucBk9jGYpPUDEAEQ5sOC.ltXkgnSSh4O', '유한회사다올국민네트워크농산', 'KAMIS 시세 연동 산지직송', '010-6566-7010', 'ACTIVE', '2025-12-10 00:00:00'),
  (30, 'SELLER', 'kseller30@fresh.test', '$2b$10$5I3GEXrJghnjSVepCQmjFucBk9jGYpPUDEAEQ5sOC.ltXkgnSSh4O', '(유)국민마음뷰티농산', 'KAMIS 시세 연동 산지직송', '010-3872-6247', 'ACTIVE', '2025-10-25 00:00:00'),
  (31, 'SELLER', 'kseller31@fresh.test', '$2b$10$5I3GEXrJghnjSVepCQmjFucBk9jGYpPUDEAEQ5sOC.ltXkgnSSh4O', '(주)에코네트워크농산', 'KAMIS 시세 연동 산지직송', '010-0801-3267', 'ACTIVE', '2025-10-31 00:00:00'),
  (32, 'SELLER', 'kseller32@fresh.test', '$2b$10$5I3GEXrJghnjSVepCQmjFucBk9jGYpPUDEAEQ5sOC.ltXkgnSSh4O', '주식회사신라겨레반도체농산', 'KAMIS 시세 연동 산지직송', '010-6064-7468', 'ACTIVE', '2025-10-15 00:00:00'),
  (33, 'SELLER', 'kseller33@fresh.test', '$2b$10$5I3GEXrJghnjSVepCQmjFucBk9jGYpPUDEAEQ5sOC.ltXkgnSSh4O', '유한회사나루농산', 'KAMIS 시세 연동 산지직송', '010-3430-9805', 'ACTIVE', '2025-09-22 00:00:00'),
  (34, 'SELLER', 'kseller34@fresh.test', '$2b$10$5I3GEXrJghnjSVepCQmjFucBk9jGYpPUDEAEQ5sOC.ltXkgnSSh4O', '(주)조선출판농산', 'KAMIS 시세 연동 산지직송', '010-8820-8121', 'ACTIVE', '2025-12-21 00:00:00'),
  (35, 'SELLER', 'kseller35@fresh.test', '$2b$10$5I3GEXrJghnjSVepCQmjFucBk9jGYpPUDEAEQ5sOC.ltXkgnSSh4O', '(주)푸른농산', 'KAMIS 시세 연동 산지직송', '010-3619-3990', 'ACTIVE', '2025-12-03 00:00:00'),
  (36, 'SELLER', 'kseller36@fresh.test', '$2b$10$5I3GEXrJghnjSVepCQmjFucBk9jGYpPUDEAEQ5sOC.ltXkgnSSh4O', '(주)씨앤씨농산', 'KAMIS 시세 연동 산지직송', '010-9985-4353', 'ACTIVE', '2025-11-17 00:00:00'),
  (37, 'SELLER', 'kseller37@fresh.test', '$2b$10$5I3GEXrJghnjSVepCQmjFucBk9jGYpPUDEAEQ5sOC.ltXkgnSSh4O', '유한회사글로벌코어신문농산', 'KAMIS 시세 연동 산지직송', '010-7510-7991', 'ACTIVE', '2025-10-19 00:00:00'),
  (38, 'SELLER', 'kseller38@fresh.test', '$2b$10$5I3GEXrJghnjSVepCQmjFucBk9jGYpPUDEAEQ5sOC.ltXkgnSSh4O', '주식회사윈드솔루션농산', 'KAMIS 시세 연동 산지직송', '010-2513-5427', 'ACTIVE', '2025-12-08 00:00:00'),
  (39, 'SELLER', 'kseller39@fresh.test', '$2b$10$5I3GEXrJghnjSVepCQmjFucBk9jGYpPUDEAEQ5sOC.ltXkgnSSh4O', '(유)중앙농산', 'KAMIS 시세 연동 산지직송', '010-8084-1241', 'ACTIVE', '2025-11-05 00:00:00'),
  (40, 'SELLER', 'kseller40@fresh.test', '$2b$10$5I3GEXrJghnjSVepCQmjFucBk9jGYpPUDEAEQ5sOC.ltXkgnSSh4O', '주식회사미래시스템즈농산', 'KAMIS 시세 연동 산지직송', '010-9353-4874', 'ACTIVE', '2025-10-24 00:00:00');

INSERT INTO products (product_id, seller_id, name, description, category, price, stock_qty, thumbnail_url, expiration_date) VALUES
  (14, 13, '쌀/20kg (20kg)', 'KAMIS 시세 기반 식량작물 · 쌀/20kg', 'grain', 62300, 0, NULL, NULL),
  (15, 33, '쌀/10kg (10kg)', 'KAMIS 시세 기반 식량작물 · 쌀/10kg', 'grain', 34000, 0, NULL, NULL),
  (16, 34, '찹쌀/일반계 (1kg)', 'KAMIS 시세 기반 식량작물 · 찹쌀/일반계', 'grain', 5300, 0, NULL, NULL),
  (17, 36, '콩/흰 콩(국산) (500g)', 'KAMIS 시세 기반 식량작물 · 콩/흰 콩(국산)', 'grain', 4900, 0, NULL, NULL),
  (18, 31, '팥/붉은 팥(국산) (500g)', 'KAMIS 시세 기반 식량작물 · 팥/붉은 팥(국산)', 'grain', 13300, 0, NULL, NULL),
  (19, 38, '녹두/국산 (500g)', 'KAMIS 시세 기반 식량작물 · 녹두/국산', 'grain', 11900, 0, NULL, NULL),
  (20, 24, '고구마/밤 (1kg)', 'KAMIS 시세 기반 식량작물 · 고구마/밤', 'grain', 5500, 0, NULL, NULL),
  (21, 29, '감자/수미(노지) (100g)', 'KAMIS 시세 기반 식량작물 · 감자/수미(노지)', 'grain', 300, 0, NULL, NULL),
  (22, 18, '배추/봄 (1포기)', 'KAMIS 시세 기반 채소류 · 배추/봄', 'vegetable', 3700, 0, NULL, NULL),
  (23, 25, '양배추/양배추 (1포기)', 'KAMIS 시세 기반 채소류 · 양배추/양배추', 'vegetable', 3000, 0, NULL, NULL),
  (24, 24, '알배기배추/알배기배추 (1포기)', 'KAMIS 시세 기반 채소류 · 알배기배추/알배기배추', 'vegetable', 2600, 0, NULL, NULL),
  (25, 13, '브로콜리/브로콜리(국산) (1개)', 'KAMIS 시세 기반 채소류 · 브로콜리/브로콜리(국산)', 'vegetable', 2100, 0, NULL, NULL),
  (26, 40, '시금치/시금치 (100g)', 'KAMIS 시세 기반 채소류 · 시금치/시금치', 'vegetable', 800, 0, NULL, NULL),
  (27, 14, '상추/적 (100g)', 'KAMIS 시세 기반 채소류 · 상추/적', 'vegetable', 1000, 0, NULL, NULL),
  (28, 21, '상추/청 (100g)', 'KAMIS 시세 기반 채소류 · 상추/청', 'vegetable', 1000, 0, NULL, NULL),
  (29, 39, '얼갈이배추/얼갈이배추 (1kg)', 'KAMIS 시세 기반 채소류 · 얼갈이배추/얼갈이배추', 'vegetable', 2300, 0, NULL, NULL),
  (30, 29, '수박/수박 (1개)', 'KAMIS 시세 기반 채소류 · 수박/수박', 'vegetable', 24700, 0, NULL, NULL),
  (31, 24, '참외/참외 (10개)', 'KAMIS 시세 기반 채소류 · 참외/참외', 'vegetable', 16700, 0, NULL, NULL),
  (32, 13, '오이/가시계통 (10개)', 'KAMIS 시세 기반 채소류 · 오이/가시계통', 'vegetable', 8600, 0, NULL, NULL),
  (33, 27, '오이/다다기계통 (10개)', 'KAMIS 시세 기반 채소류 · 오이/다다기계통', 'vegetable', 5100, 0, NULL, NULL),
  (34, 15, '오이/취청 (10개)', 'KAMIS 시세 기반 채소류 · 오이/취청', 'vegetable', 9600, 0, NULL, NULL),
  (35, 16, '호박/애호박 (1개)', 'KAMIS 시세 기반 채소류 · 호박/애호박', 'vegetable', 1100, 0, NULL, NULL),
  (36, 40, '호박/쥬키니 (1개)', 'KAMIS 시세 기반 채소류 · 호박/쥬키니', 'vegetable', 1400, 0, NULL, NULL),
  (37, 25, '토마토/토마토 (1kg)', 'KAMIS 시세 기반 채소류 · 토마토/토마토', 'vegetable', 3900, 0, NULL, NULL),
  (38, 27, '무/봄 (1개)', 'KAMIS 시세 기반 채소류 · 무/봄', 'vegetable', 1900, 0, NULL, NULL),
  (39, 21, '당근/무세척 (1kg)', 'KAMIS 시세 기반 채소류 · 당근/무세척', 'vegetable', 3200, 0, NULL, NULL),
  (40, 14, '열무/열무 (1kg)', 'KAMIS 시세 기반 채소류 · 열무/열무', 'vegetable', 2200, 0, NULL, NULL),
  (41, 40, '건고추/화건 (600g)', 'KAMIS 시세 기반 채소류 · 건고추/화건', 'vegetable', 17200, 0, NULL, NULL),
  (42, 39, '풋고추/풋고추(녹광 등) (100g)', 'KAMIS 시세 기반 채소류 · 풋고추/풋고추(녹광 등)', 'vegetable', 1800, 0, NULL, NULL),
  (43, 16, '풋고추/꽈리고추 (100g)', 'KAMIS 시세 기반 채소류 · 풋고추/꽈리고추', 'vegetable', 1500, 0, NULL, NULL),
  (44, 36, '풋고추/청양고추 (100g)', 'KAMIS 시세 기반 채소류 · 풋고추/청양고추', 'vegetable', 1300, 0, NULL, NULL),
  (45, 23, '풋고추/오이맛고추 (100g)', 'KAMIS 시세 기반 채소류 · 풋고추/오이맛고추', 'vegetable', 1100, 0, NULL, NULL),
  (46, 11, '붉은고추/붉은고추 (100g)', 'KAMIS 시세 기반 채소류 · 붉은고추/붉은고추', 'vegetable', 2100, 0, NULL, NULL),
  (47, 12, '깐마늘(국산)/깐마늘(국산) (1kg)', 'KAMIS 시세 기반 채소류 · 깐마늘(국산)/깐마늘(국산)', 'vegetable', 12200, 0, NULL, NULL),
  (48, 39, '양파/양파 (1kg)', 'KAMIS 시세 기반 채소류 · 양파/양파', 'vegetable', 1800, 0, NULL, NULL),
  (49, 38, '파/대파 (1kg)', 'KAMIS 시세 기반 채소류 · 파/대파', 'vegetable', 2600, 0, NULL, NULL),
  (50, 35, '파/쪽파 (1kg)', 'KAMIS 시세 기반 채소류 · 파/쪽파', 'vegetable', 10200, 0, NULL, NULL),
  (51, 26, '생강/국산 (1kg)', 'KAMIS 시세 기반 채소류 · 생강/국산', 'vegetable', 15300, 0, NULL, NULL),
  (52, 15, '고춧가루/중국 (1kg)', 'KAMIS 시세 기반 채소류 · 고춧가루/중국', 'vegetable', 13400, 0, NULL, NULL),
  (53, 16, '고춧가루/국산 (1kg)', 'KAMIS 시세 기반 채소류 · 고춧가루/국산', 'vegetable', 33800, 0, NULL, NULL),
  (54, 19, '미나리/미나리 (100g)', 'KAMIS 시세 기반 채소류 · 미나리/미나리', 'vegetable', 1300, 0, NULL, NULL),
  (55, 33, '깻잎/깻잎 (100g)', 'KAMIS 시세 기반 채소류 · 깻잎/깻잎', 'vegetable', 2400, 0, NULL, NULL),
  (56, 19, '피망/청 (100g)', 'KAMIS 시세 기반 채소류 · 피망/청', 'vegetable', 1500, 0, NULL, NULL),
  (57, 37, '파프리카/파프리카 (200g)', 'KAMIS 시세 기반 채소류 · 파프리카/파프리카', 'vegetable', 1100, 0, NULL, NULL),
  (58, 38, '멜론/멜론 (1개)', 'KAMIS 시세 기반 채소류 · 멜론/멜론', 'vegetable', 12300, 0, NULL, NULL),
  (59, 32, '방울토마토/방울토마토 (1kg)', 'KAMIS 시세 기반 채소류 · 방울토마토/방울토마토', 'vegetable', 7200, 0, NULL, NULL),
  (60, 35, '방울토마토/대추방울토마토 (1kg)', 'KAMIS 시세 기반 채소류 · 방울토마토/대추방울토마토', 'vegetable', 5900, 0, NULL, NULL),
  (61, 37, '참깨/백색(국산) (500g)', 'KAMIS 시세 기반 특용작물 · 참깨/백색(국산)', 'etc', 18000, 0, NULL, NULL),
  (62, 38, '땅콩/국산 (100g)', 'KAMIS 시세 기반 특용작물 · 땅콩/국산', 'etc', 3500, 0, NULL, NULL),
  (63, 36, '느타리버섯/느타리버섯 (100g)', 'KAMIS 시세 기반 특용작물 · 느타리버섯/느타리버섯', 'etc', 900, 0, NULL, NULL),
  (64, 29, '느타리버섯/애느타리버섯 (100g)', 'KAMIS 시세 기반 특용작물 · 느타리버섯/애느타리버섯', 'etc', 500, 0, NULL, NULL),
  (65, 34, '팽이버섯/팽이버섯 (150g)', 'KAMIS 시세 기반 특용작물 · 팽이버섯/팽이버섯', 'etc', 500, 0, NULL, NULL),
  (66, 29, '새송이버섯/새송이버섯 (100g)', 'KAMIS 시세 기반 특용작물 · 새송이버섯/새송이버섯', 'etc', 500, 0, NULL, NULL),
  (67, 18, '사과/후지 (10개)', 'KAMIS 시세 기반 과일류 · 사과/후지', 'fruit', 25900, 0, NULL, NULL),
  (68, 39, '배/신고 (10개)', 'KAMIS 시세 기반 과일류 · 배/신고', 'fruit', 39600, 0, NULL, NULL),
  (69, 16, '바나나/수입 (100g)', 'KAMIS 시세 기반 과일류 · 바나나/수입', 'fruit', 300, 0, NULL, NULL),
  (70, 30, '참다래/그린 뉴질랜드 (10개)', 'KAMIS 시세 기반 과일류 · 참다래/그린 뉴질랜드', 'fruit', 10000, 0, NULL, NULL),
  (71, 16, '파인애플/수입 (1개)', 'KAMIS 시세 기반 과일류 · 파인애플/수입', 'fruit', 7000, 0, NULL, NULL),
  (72, 32, '오렌지/네이블 미국 (10개)', 'KAMIS 시세 기반 과일류 · 오렌지/네이블 미국', 'fruit', 18700, 0, NULL, NULL),
  (73, 25, '레몬/수입 (10개)', 'KAMIS 시세 기반 과일류 · 레몬/수입', 'fruit', 9400, 0, NULL, NULL),
  (74, 15, '체리/수입 (100g)', 'KAMIS 시세 기반 과일류 · 체리/수입', 'fruit', 2300, 0, NULL, NULL),
  (75, 38, '망고/수입 (1개)', 'KAMIS 시세 기반 과일류 · 망고/수입', 'fruit', 5800, 0, NULL, NULL),
  (76, 34, '아보카도/수입 (1개)', 'KAMIS 시세 기반 과일류 · 아보카도/수입', 'fruit', 1600, 0, NULL, NULL),
  (77, 33, '소/안심(1++등급) (100g)', 'KAMIS 시세 기반 축산물 · 소/안심(1++등급)', 'meat', 18900, 0, NULL, NULL),
  (78, 15, '소/안심(1+등급) (100g)', 'KAMIS 시세 기반 축산물 · 소/안심(1+등급)', 'meat', 16400, 0, NULL, NULL),
  (79, 37, '소/안심(1등급) (100g)', 'KAMIS 시세 기반 축산물 · 소/안심(1등급)', 'meat', 14400, 0, NULL, NULL),
  (80, 32, '소/등심(1++등급) (100g)', 'KAMIS 시세 기반 축산물 · 소/등심(1++등급)', 'meat', 15900, 0, NULL, NULL),
  (81, 33, '소/등심(1+등급) (100g)', 'KAMIS 시세 기반 축산물 · 소/등심(1+등급)', 'meat', 12900, 0, NULL, NULL),
  (82, 12, '소/등심(1등급) (100g)', 'KAMIS 시세 기반 축산물 · 소/등심(1등급)', 'meat', 10100, 0, NULL, NULL),
  (83, 36, '소/설도(1++등급) (100g)', 'KAMIS 시세 기반 축산물 · 소/설도(1++등급)', 'meat', 5800, 0, NULL, NULL),
  (84, 19, '소/설도(1+등급) (100g)', 'KAMIS 시세 기반 축산물 · 소/설도(1+등급)', 'meat', 5200, 0, NULL, NULL),
  (85, 39, '소/설도(1등급) (100g)', 'KAMIS 시세 기반 축산물 · 소/설도(1등급)', 'meat', 4700, 0, NULL, NULL),
  (86, 36, '소/양지(1++등급) (100g)', 'KAMIS 시세 기반 축산물 · 소/양지(1++등급)', 'meat', 7800, 0, NULL, NULL),
  (87, 27, '소/양지(1+등급) (100g)', 'KAMIS 시세 기반 축산물 · 소/양지(1+등급)', 'meat', 6900, 0, NULL, NULL),
  (88, 11, '소/양지(1등급) (100g)', 'KAMIS 시세 기반 축산물 · 소/양지(1등급)', 'meat', 6200, 0, NULL, NULL),
  (89, 11, '소/갈비(1++등급) (100g)', 'KAMIS 시세 기반 축산물 · 소/갈비(1++등급)', 'meat', 7900, 0, NULL, NULL),
  (90, 22, '소/갈비(1+등급) (100g)', 'KAMIS 시세 기반 축산물 · 소/갈비(1+등급)', 'meat', 7000, 0, NULL, NULL),
  (91, 18, '소/갈비(1등급) (100g)', 'KAMIS 시세 기반 축산물 · 소/갈비(1등급)', 'meat', 6900, 0, NULL, NULL),
  (92, 15, '돼지/앞다리 (100g)', 'KAMIS 시세 기반 축산물 · 돼지/앞다리', 'meat', 1600, 0, NULL, NULL),
  (93, 39, '돼지/삼겹살 (100g)', 'KAMIS 시세 기반 축산물 · 돼지/삼겹살', 'meat', 2800, 0, NULL, NULL),
  (94, 15, '돼지/갈비 (100g)', 'KAMIS 시세 기반 축산물 · 돼지/갈비', 'meat', 1500, 0, NULL, NULL),
  (95, 25, '돼지/목심 (100g)', 'KAMIS 시세 기반 축산물 · 돼지/목심', 'meat', 2700, 0, NULL, NULL),
  (96, 28, '수입 소고기/갈비(미국산) (100g)', 'KAMIS 시세 기반 축산물 · 수입 소고기/갈비(미국산)', 'meat', 4600, 0, NULL, NULL),
  (97, 26, '수입 소고기/갈비(호주산) (100g)', 'KAMIS 시세 기반 축산물 · 수입 소고기/갈비(호주산)', 'meat', 4500, 0, NULL, NULL),
  (98, 33, '수입 소고기/갈비살(미국산) (100g)', 'KAMIS 시세 기반 축산물 · 수입 소고기/갈비살(미국산)', 'meat', 5000, 0, NULL, NULL),
  (99, 12, '수입 소고기/갈비살(호주산) (100g)', 'KAMIS 시세 기반 축산물 · 수입 소고기/갈비살(호주산)', 'meat', 5100, 0, NULL, NULL),
  (100, 32, '수입 돼지고기/삼겹살 (100g)', 'KAMIS 시세 기반 축산물 · 수입 돼지고기/삼겹살', 'meat', 1500, 0, NULL, NULL),
  (101, 32, '닭/육계(kg) (1kg)', 'KAMIS 시세 기반 축산물 · 닭/육계(kg)', 'meat', 6500, 0, NULL, NULL),
  (102, 24, '계란/특란10구(일반란) (10구)', 'KAMIS 시세 기반 축산물 · 계란/특란10구(일반란)', 'meat', 5200, 0, NULL, NULL),
  (103, 21, '계란/특란30구(일반란) (30구)', 'KAMIS 시세 기반 축산물 · 계란/특란30구(일반란)', 'meat', 7400, 0, NULL, NULL),
  (104, 38, '우유/흰우유 (1L)', 'KAMIS 시세 기반 축산물 · 우유/흰우유', 'meat', 2800, 0, NULL, NULL),
  (105, 36, '고등어/국산(염장)(-) (1손)', 'KAMIS 시세 기반 수산물 · 고등어/국산(염장)(-)', 'seafood', 6200, 0, NULL, NULL),
  (106, 20, '고등어/국산(신선 냉장)(中) (1마리)', 'KAMIS 시세 기반 수산물 · 고등어/국산(신선 냉장)(中)', 'seafood', 3100, 0, NULL, NULL),
  (107, 40, '고등어/국산(신선 냉장)(大) (1마리)', 'KAMIS 시세 기반 수산물 · 고등어/국산(신선 냉장)(大)', 'seafood', 4500, 0, NULL, NULL),
  (108, 27, '고등어/수입산(염장)(大) (1손)', 'KAMIS 시세 기반 수산물 · 고등어/수입산(염장)(大)', 'seafood', 10800, 0, NULL, NULL),
  (109, 37, '갈치/국산(냉장)(大) (1마리)', 'KAMIS 시세 기반 수산물 · 갈치/국산(냉장)(大)', 'seafood', 13500, 0, NULL, NULL),
  (110, 23, '갈치/국산(냉동)(大) (1마리)', 'KAMIS 시세 기반 수산물 · 갈치/국산(냉동)(大)', 'seafood', 9600, 0, NULL, NULL),
  (111, 26, '갈치/국산(냉장)(中) (1마리)', 'KAMIS 시세 기반 수산물 · 갈치/국산(냉장)(中)', 'seafood', 6700, 0, NULL, NULL),
  (112, 20, '갈치/국산(냉장)(小) (1마리)', 'KAMIS 시세 기반 수산물 · 갈치/국산(냉장)(小)', 'seafood', 4100, 0, NULL, NULL),
  (113, 27, '갈치/국산(냉동)(中) (1마리)', 'KAMIS 시세 기반 수산물 · 갈치/국산(냉동)(中)', 'seafood', 5200, 0, NULL, NULL),
  (114, 37, '수입조기/부세수입(냉동) (1마리)', 'KAMIS 시세 기반 수산물 · 수입조기/부세수입(냉동)', 'seafood', 4700, 0, NULL, NULL),
  (115, 24, '조기/참조기(냉동)(小) (1마리)', 'KAMIS 시세 기반 수산물 · 조기/참조기(냉동)(小)', 'seafood', 1200, 0, NULL, NULL),
  (116, 23, '조기/참조기(냉동)(中) (1마리)', 'KAMIS 시세 기반 수산물 · 조기/참조기(냉동)(中)', 'seafood', 1700, 0, NULL, NULL),
  (117, 11, '조기/굴비(中) (1마리)', 'KAMIS 시세 기반 수산물 · 조기/굴비(中)', 'seafood', 2900, 0, NULL, NULL),
  (118, 20, '명태/냉동가공(中) (1kg)', 'KAMIS 시세 기반 수산물 · 명태/냉동가공(中)', 'seafood', 6700, 0, NULL, NULL),
  (119, 18, '명태/냉동(원양수입통합)(中) (1마리)', 'KAMIS 시세 기반 수산물 · 명태/냉동(원양수입통합)(中)', 'seafood', 2700, 0, NULL, NULL),
  (120, 38, '명태/냉동(원양수입통합)(大) (1마리)', 'KAMIS 시세 기반 수산물 · 명태/냉동(원양수입통합)(大)', 'seafood', 3700, 0, NULL, NULL),
  (121, 22, '물오징어/원양(냉동)(中) (1마리)', 'KAMIS 시세 기반 수산물 · 물오징어/원양(냉동)(中)', 'seafood', 5300, 0, NULL, NULL),
  (122, 18, '물오징어/연근해(냉동)(大) (1마리)', 'KAMIS 시세 기반 수산물 · 물오징어/연근해(냉동)(大)', 'seafood', 6100, 0, NULL, NULL),
  (123, 23, '물오징어/원양(냉동)(小) (1마리)', 'KAMIS 시세 기반 수산물 · 물오징어/원양(냉동)(小)', 'seafood', 3300, 0, NULL, NULL),
  (124, 14, '마른멸치/마른멸치 (100g)', 'KAMIS 시세 기반 수산물 · 마른멸치/마른멸치', 'seafood', 3000, 0, NULL, NULL),
  (125, 23, '마른멸치/마른멸치 (100g)', 'KAMIS 시세 기반 수산물 · 마른멸치/마른멸치', 'seafood', 2300, 0, NULL, NULL),
  (126, 16, '마른멸치/마른멸치 (100g)', 'KAMIS 시세 기반 수산물 · 마른멸치/마른멸치', 'seafood', 2600, 0, NULL, NULL),
  (127, 21, '마른오징어/마른오징어 (10마리)', 'KAMIS 시세 기반 수산물 · 마른오징어/마른오징어', 'seafood', 76900, 0, NULL, NULL),
  (128, 39, '김/마른김 (10장)', 'KAMIS 시세 기반 수산물 · 김/마른김', 'seafood', 1400, 0, NULL, NULL),
  (129, 40, '김/구운김 (10장)', 'KAMIS 시세 기반 수산물 · 김/구운김', 'seafood', 2000, 0, NULL, NULL),
  (130, 40, '마른미역/마른미역 (100g)', 'KAMIS 시세 기반 수산물 · 마른미역/마른미역', 'seafood', 3000, 0, NULL, NULL),
  (131, 16, '새우젓/새우젓 (1kg)', 'KAMIS 시세 기반 수산물 · 새우젓/새우젓', 'seafood', 16200, 0, NULL, NULL),
  (132, 30, '멸치액젓/멸치액젓 (1kg)', 'KAMIS 시세 기반 수산물 · 멸치액젓/멸치액젓', 'seafood', 6300, 0, NULL, NULL),
  (133, 19, '천일염/천일염 (5kg)', 'KAMIS 시세 기반 수산물 · 천일염/천일염', 'seafood', 12800, 0, NULL, NULL),
  (134, 34, '꽁치/냉동(수입) (5마리)', 'KAMIS 시세 기반 수산물 · 꽁치/냉동(수입)', 'seafood', 6800, 0, NULL, NULL),
  (135, 12, '전복/냉장 (5마리)', 'KAMIS 시세 기반 수산물 · 전복/냉장', 'seafood', 10300, 0, NULL, NULL),
  (136, 36, '새우/흰다리(수입) (10마리)', 'KAMIS 시세 기반 수산물 · 새우/흰다리(수입)', 'seafood', 5100, 0, NULL, NULL),
  (137, 25, '건다시마/완도산 (100g)', 'KAMIS 시세 기반 수산물 · 건다시마/완도산', 'seafood', 3200, 0, NULL, NULL),
  (138, 14, '바지락/냉장 (1kg)', 'KAMIS 시세 기반 수산물 · 바지락/냉장', 'seafood', 10500, 0, NULL, NULL),
  (139, 26, '고등어필렛/수입 (1kg)', 'KAMIS 시세 기반 수산물 · 고등어필렛/수입', 'seafood', 18500, 0, NULL, NULL),
  (140, 33, '고등어필렛/국산 (1kg)', 'KAMIS 시세 기반 수산물 · 고등어필렛/국산', 'seafood', 15300, 0, NULL, NULL),
  (141, 29, '홍합/깐홍합(냉장) (100g)', 'KAMIS 시세 기반 수산물 · 홍합/깐홍합(냉장)', 'seafood', 3000, 0, NULL, NULL),
  (142, 15, '홍합/안깐홍합(냉장) (1kg)', 'KAMIS 시세 기반 수산물 · 홍합/안깐홍합(냉장)', 'seafood', 3800, 0, NULL, NULL),
  (143, 25, '꽃게/암꽃게(냉동) (1kg)', 'KAMIS 시세 기반 수산물 · 꽃게/암꽃게(냉동)', 'seafood', 17100, 0, NULL, NULL),
  (144, 19, '삼치/냉장 (1마리)', 'KAMIS 시세 기반 수산물 · 삼치/냉장', 'seafood', 10900, 0, NULL, NULL),
  (145, 33, '낙지/수입(냉동) (100g)', 'KAMIS 시세 기반 수산물 · 낙지/수입(냉동)', 'seafood', 2200, 0, NULL, NULL),
  (146, 30, '꼬막/국산(새꼬막) (1kg)', 'KAMIS 시세 기반 수산물 · 꼬막/국산(새꼬막)', 'seafood', 7500, 0, NULL, NULL);

INSERT INTO product_lots (product_id, expiration_date, stock_qty, price) VALUES
  (14, DATE_ADD(CURDATE(), INTERVAL 6 DAY), 32, 62300),
  (14, DATE_ADD(CURDATE(), INTERVAL 10 DAY), 20, 62300),
  (14, DATE_ADD(CURDATE(), INTERVAL 14 DAY), 67, 62300),
  (14, DATE_ADD(CURDATE(), INTERVAL 18 DAY), 117, 62300),
  (15, DATE_ADD(CURDATE(), INTERVAL 6 DAY), 65, 34000),
  (15, DATE_ADD(CURDATE(), INTERVAL 10 DAY), 50, 34000),
  (15, DATE_ADD(CURDATE(), INTERVAL 14 DAY), 30, 34000),
  (15, DATE_ADD(CURDATE(), INTERVAL 18 DAY), 111, 34000),
  (16, DATE_ADD(CURDATE(), INTERVAL 3 DAY), 20, 5300),
  (16, DATE_ADD(CURDATE(), INTERVAL 10 DAY), 71, 5300),
  (16, DATE_ADD(CURDATE(), INTERVAL 14 DAY), 107, 5300),
  (16, DATE_ADD(CURDATE(), INTERVAL 18 DAY), 17, 5300),
  (17, DATE_ADD(CURDATE(), INTERVAL 1 DAY), 17, 4900),
  (17, DATE_ADD(CURDATE(), INTERVAL 3 DAY), 116, 4900),
  (17, DATE_ADD(CURDATE(), INTERVAL 6 DAY), 59, 4900),
  (17, DATE_ADD(CURDATE(), INTERVAL 10 DAY), 108, 4900),
  (18, DATE_ADD(CURDATE(), INTERVAL 1 DAY), 70, 13300),
  (18, DATE_ADD(CURDATE(), INTERVAL 6 DAY), 26, 13300),
  (18, DATE_ADD(CURDATE(), INTERVAL 10 DAY), 91, 13300),
  (18, DATE_ADD(CURDATE(), INTERVAL 18 DAY), 85, 13300),
  (19, DATE_ADD(CURDATE(), INTERVAL 3 DAY), 18, 11900),
  (19, DATE_ADD(CURDATE(), INTERVAL 6 DAY), 61, 11900),
  (19, DATE_ADD(CURDATE(), INTERVAL 14 DAY), 97, 11900),
  (19, DATE_ADD(CURDATE(), INTERVAL 18 DAY), 30, 11900),
  (20, DATE_ADD(CURDATE(), INTERVAL 1 DAY), 113, 5500),
  (20, DATE_ADD(CURDATE(), INTERVAL 3 DAY), 58, 5500),
  (20, DATE_ADD(CURDATE(), INTERVAL 6 DAY), 27, 5500),
  (20, DATE_ADD(CURDATE(), INTERVAL 14 DAY), 101, 5500),
  (21, DATE_ADD(CURDATE(), INTERVAL 1 DAY), 102, 300),
  (21, DATE_ADD(CURDATE(), INTERVAL 3 DAY), 52, 300),
  (21, DATE_ADD(CURDATE(), INTERVAL 6 DAY), 108, 300),
  (21, DATE_ADD(CURDATE(), INTERVAL 14 DAY), 41, 300),
  (22, DATE_ADD(CURDATE(), INTERVAL 1 DAY), 97, 3700),
  (22, DATE_ADD(CURDATE(), INTERVAL 6 DAY), 96, 3700),
  (22, DATE_ADD(CURDATE(), INTERVAL 10 DAY), 95, 3700),
  (22, DATE_ADD(CURDATE(), INTERVAL 14 DAY), 83, 3700),
  (23, DATE_ADD(CURDATE(), INTERVAL 3 DAY), 14, 3000),
  (23, DATE_ADD(CURDATE(), INTERVAL 6 DAY), 25, 3000),
  (23, DATE_ADD(CURDATE(), INTERVAL 10 DAY), 37, 3000),
  (23, DATE_ADD(CURDATE(), INTERVAL 18 DAY), 22, 3000),
  (24, DATE_ADD(CURDATE(), INTERVAL 6 DAY), 73, 2600),
  (24, DATE_ADD(CURDATE(), INTERVAL 10 DAY), 79, 2600),
  (24, DATE_ADD(CURDATE(), INTERVAL 14 DAY), 72, 2600),
  (24, DATE_ADD(CURDATE(), INTERVAL 18 DAY), 70, 2600),
  (25, DATE_ADD(CURDATE(), INTERVAL 3 DAY), 118, 2100),
  (25, DATE_ADD(CURDATE(), INTERVAL 10 DAY), 33, 2100),
  (25, DATE_ADD(CURDATE(), INTERVAL 14 DAY), 40, 2100),
  (25, DATE_ADD(CURDATE(), INTERVAL 18 DAY), 54, 2100),
  (26, DATE_ADD(CURDATE(), INTERVAL 1 DAY), 110, 800),
  (26, DATE_ADD(CURDATE(), INTERVAL 3 DAY), 42, 800),
  (26, DATE_ADD(CURDATE(), INTERVAL 6 DAY), 57, 800),
  (26, DATE_ADD(CURDATE(), INTERVAL 14 DAY), 82, 800),
  (27, DATE_ADD(CURDATE(), INTERVAL 3 DAY), 55, 1000),
  (27, DATE_ADD(CURDATE(), INTERVAL 6 DAY), 99, 1000),
  (27, DATE_ADD(CURDATE(), INTERVAL 10 DAY), 45, 1000),
  (27, DATE_ADD(CURDATE(), INTERVAL 18 DAY), 28, 1000),
  (28, DATE_ADD(CURDATE(), INTERVAL 1 DAY), 88, 1000),
  (28, DATE_ADD(CURDATE(), INTERVAL 10 DAY), 27, 1000),
  (28, DATE_ADD(CURDATE(), INTERVAL 14 DAY), 109, 1000),
  (28, DATE_ADD(CURDATE(), INTERVAL 18 DAY), 65, 1000),
  (29, DATE_ADD(CURDATE(), INTERVAL 1 DAY), 36, 2300),
  (29, DATE_ADD(CURDATE(), INTERVAL 3 DAY), 43, 2300),
  (29, DATE_ADD(CURDATE(), INTERVAL 6 DAY), 85, 2300),
  (29, DATE_ADD(CURDATE(), INTERVAL 10 DAY), 79, 2300),
  (30, DATE_ADD(CURDATE(), INTERVAL 1 DAY), 50, 24700),
  (30, DATE_ADD(CURDATE(), INTERVAL 3 DAY), 109, 24700),
  (30, DATE_ADD(CURDATE(), INTERVAL 6 DAY), 64, 24700),
  (30, DATE_ADD(CURDATE(), INTERVAL 10 DAY), 86, 24700),
  (31, DATE_ADD(CURDATE(), INTERVAL 1 DAY), 96, 16700),
  (31, DATE_ADD(CURDATE(), INTERVAL 3 DAY), 59, 16700),
  (31, DATE_ADD(CURDATE(), INTERVAL 10 DAY), 91, 16700),
  (31, DATE_ADD(CURDATE(), INTERVAL 14 DAY), 39, 16700),
  (32, DATE_ADD(CURDATE(), INTERVAL 1 DAY), 89, 8600),
  (32, DATE_ADD(CURDATE(), INTERVAL 3 DAY), 43, 8600),
  (32, DATE_ADD(CURDATE(), INTERVAL 14 DAY), 98, 8600),
  (32, DATE_ADD(CURDATE(), INTERVAL 18 DAY), 73, 8600),
  (33, DATE_ADD(CURDATE(), INTERVAL 1 DAY), 82, 5100),
  (33, DATE_ADD(CURDATE(), INTERVAL 3 DAY), 57, 5100),
  (33, DATE_ADD(CURDATE(), INTERVAL 14 DAY), 43, 5100),
  (33, DATE_ADD(CURDATE(), INTERVAL 18 DAY), 79, 5100),
  (34, DATE_ADD(CURDATE(), INTERVAL 1 DAY), 96, 9600),
  (34, DATE_ADD(CURDATE(), INTERVAL 3 DAY), 14, 9600),
  (34, DATE_ADD(CURDATE(), INTERVAL 10 DAY), 29, 9600),
  (34, DATE_ADD(CURDATE(), INTERVAL 18 DAY), 64, 9600),
  (35, DATE_ADD(CURDATE(), INTERVAL 1 DAY), 97, 1100),
  (35, DATE_ADD(CURDATE(), INTERVAL 6 DAY), 28, 1100),
  (35, DATE_ADD(CURDATE(), INTERVAL 14 DAY), 42, 1100),
  (35, DATE_ADD(CURDATE(), INTERVAL 18 DAY), 111, 1100),
  (36, DATE_ADD(CURDATE(), INTERVAL 3 DAY), 26, 1400),
  (36, DATE_ADD(CURDATE(), INTERVAL 10 DAY), 115, 1400),
  (36, DATE_ADD(CURDATE(), INTERVAL 14 DAY), 55, 1400),
  (36, DATE_ADD(CURDATE(), INTERVAL 18 DAY), 63, 1400),
  (37, DATE_ADD(CURDATE(), INTERVAL 1 DAY), 58, 3900),
  (37, DATE_ADD(CURDATE(), INTERVAL 3 DAY), 113, 3900),
  (37, DATE_ADD(CURDATE(), INTERVAL 6 DAY), 27, 3900),
  (37, DATE_ADD(CURDATE(), INTERVAL 14 DAY), 72, 3900),
  (38, DATE_ADD(CURDATE(), INTERVAL 3 DAY), 103, 1900),
  (38, DATE_ADD(CURDATE(), INTERVAL 10 DAY), 58, 1900),
  (38, DATE_ADD(CURDATE(), INTERVAL 14 DAY), 41, 1900),
  (38, DATE_ADD(CURDATE(), INTERVAL 18 DAY), 12, 1900),
  (39, DATE_ADD(CURDATE(), INTERVAL 1 DAY), 44, 3200),
  (39, DATE_ADD(CURDATE(), INTERVAL 6 DAY), 21, 3200),
  (39, DATE_ADD(CURDATE(), INTERVAL 10 DAY), 83, 3200),
  (39, DATE_ADD(CURDATE(), INTERVAL 14 DAY), 83, 3200),
  (40, DATE_ADD(CURDATE(), INTERVAL 1 DAY), 45, 2200),
  (40, DATE_ADD(CURDATE(), INTERVAL 10 DAY), 21, 2200),
  (40, DATE_ADD(CURDATE(), INTERVAL 14 DAY), 77, 2200),
  (40, DATE_ADD(CURDATE(), INTERVAL 18 DAY), 110, 2200),
  (41, DATE_ADD(CURDATE(), INTERVAL 1 DAY), 44, 17200),
  (41, DATE_ADD(CURDATE(), INTERVAL 10 DAY), 101, 17200),
  (41, DATE_ADD(CURDATE(), INTERVAL 14 DAY), 60, 17200),
  (41, DATE_ADD(CURDATE(), INTERVAL 18 DAY), 98, 17200),
  (42, DATE_ADD(CURDATE(), INTERVAL 1 DAY), 109, 1800),
  (42, DATE_ADD(CURDATE(), INTERVAL 10 DAY), 38, 1800),
  (42, DATE_ADD(CURDATE(), INTERVAL 14 DAY), 119, 1800),
  (42, DATE_ADD(CURDATE(), INTERVAL 18 DAY), 112, 1800),
  (43, DATE_ADD(CURDATE(), INTERVAL 1 DAY), 26, 1500),
  (43, DATE_ADD(CURDATE(), INTERVAL 3 DAY), 108, 1500),
  (43, DATE_ADD(CURDATE(), INTERVAL 6 DAY), 20, 1500),
  (43, DATE_ADD(CURDATE(), INTERVAL 14 DAY), 92, 1500),
  (44, DATE_ADD(CURDATE(), INTERVAL 1 DAY), 12, 1300),
  (44, DATE_ADD(CURDATE(), INTERVAL 6 DAY), 94, 1300),
  (44, DATE_ADD(CURDATE(), INTERVAL 14 DAY), 46, 1300),
  (44, DATE_ADD(CURDATE(), INTERVAL 18 DAY), 82, 1300),
  (45, DATE_ADD(CURDATE(), INTERVAL 1 DAY), 10, 1100),
  (45, DATE_ADD(CURDATE(), INTERVAL 3 DAY), 113, 1100),
  (45, DATE_ADD(CURDATE(), INTERVAL 10 DAY), 114, 1100),
  (45, DATE_ADD(CURDATE(), INTERVAL 14 DAY), 36, 1100),
  (46, DATE_ADD(CURDATE(), INTERVAL 1 DAY), 50, 2100),
  (46, DATE_ADD(CURDATE(), INTERVAL 10 DAY), 75, 2100),
  (46, DATE_ADD(CURDATE(), INTERVAL 14 DAY), 89, 2100),
  (46, DATE_ADD(CURDATE(), INTERVAL 18 DAY), 106, 2100),
  (47, DATE_ADD(CURDATE(), INTERVAL 1 DAY), 64, 12200),
  (47, DATE_ADD(CURDATE(), INTERVAL 3 DAY), 65, 12200),
  (47, DATE_ADD(CURDATE(), INTERVAL 14 DAY), 57, 12200),
  (47, DATE_ADD(CURDATE(), INTERVAL 18 DAY), 25, 12200),
  (48, DATE_ADD(CURDATE(), INTERVAL 1 DAY), 116, 1800),
  (48, DATE_ADD(CURDATE(), INTERVAL 3 DAY), 23, 1800),
  (48, DATE_ADD(CURDATE(), INTERVAL 10 DAY), 42, 1800),
  (48, DATE_ADD(CURDATE(), INTERVAL 18 DAY), 65, 1800),
  (49, DATE_ADD(CURDATE(), INTERVAL 6 DAY), 12, 2600),
  (49, DATE_ADD(CURDATE(), INTERVAL 10 DAY), 88, 2600),
  (49, DATE_ADD(CURDATE(), INTERVAL 14 DAY), 19, 2600),
  (49, DATE_ADD(CURDATE(), INTERVAL 18 DAY), 91, 2600),
  (50, DATE_ADD(CURDATE(), INTERVAL 1 DAY), 117, 10200),
  (50, DATE_ADD(CURDATE(), INTERVAL 3 DAY), 43, 10200),
  (50, DATE_ADD(CURDATE(), INTERVAL 10 DAY), 24, 10200),
  (50, DATE_ADD(CURDATE(), INTERVAL 14 DAY), 63, 10200),
  (51, DATE_ADD(CURDATE(), INTERVAL 3 DAY), 64, 15300),
  (51, DATE_ADD(CURDATE(), INTERVAL 10 DAY), 12, 15300),
  (51, DATE_ADD(CURDATE(), INTERVAL 14 DAY), 75, 15300),
  (51, DATE_ADD(CURDATE(), INTERVAL 18 DAY), 71, 15300),
  (52, DATE_ADD(CURDATE(), INTERVAL 1 DAY), 10, 13400),
  (52, DATE_ADD(CURDATE(), INTERVAL 3 DAY), 116, 13400),
  (52, DATE_ADD(CURDATE(), INTERVAL 10 DAY), 28, 13400),
  (52, DATE_ADD(CURDATE(), INTERVAL 14 DAY), 75, 13400),
  (53, DATE_ADD(CURDATE(), INTERVAL 6 DAY), 103, 33800),
  (53, DATE_ADD(CURDATE(), INTERVAL 10 DAY), 11, 33800),
  (53, DATE_ADD(CURDATE(), INTERVAL 14 DAY), 82, 33800),
  (53, DATE_ADD(CURDATE(), INTERVAL 18 DAY), 22, 33800),
  (54, DATE_ADD(CURDATE(), INTERVAL 3 DAY), 94, 1300),
  (54, DATE_ADD(CURDATE(), INTERVAL 6 DAY), 76, 1300),
  (54, DATE_ADD(CURDATE(), INTERVAL 10 DAY), 112, 1300),
  (54, DATE_ADD(CURDATE(), INTERVAL 18 DAY), 105, 1300),
  (55, DATE_ADD(CURDATE(), INTERVAL 1 DAY), 22, 2400),
  (55, DATE_ADD(CURDATE(), INTERVAL 3 DAY), 81, 2400),
  (55, DATE_ADD(CURDATE(), INTERVAL 6 DAY), 115, 2400),
  (55, DATE_ADD(CURDATE(), INTERVAL 10 DAY), 105, 2400),
  (56, DATE_ADD(CURDATE(), INTERVAL 3 DAY), 102, 1500),
  (56, DATE_ADD(CURDATE(), INTERVAL 6 DAY), 99, 1500),
  (56, DATE_ADD(CURDATE(), INTERVAL 14 DAY), 115, 1500),
  (56, DATE_ADD(CURDATE(), INTERVAL 18 DAY), 21, 1500),
  (57, DATE_ADD(CURDATE(), INTERVAL 1 DAY), 45, 1100),
  (57, DATE_ADD(CURDATE(), INTERVAL 3 DAY), 44, 1100),
  (57, DATE_ADD(CURDATE(), INTERVAL 6 DAY), 111, 1100),
  (57, DATE_ADD(CURDATE(), INTERVAL 18 DAY), 25, 1100),
  (58, DATE_ADD(CURDATE(), INTERVAL 1 DAY), 60, 12300),
  (58, DATE_ADD(CURDATE(), INTERVAL 6 DAY), 22, 12300),
  (58, DATE_ADD(CURDATE(), INTERVAL 10 DAY), 69, 12300),
  (58, DATE_ADD(CURDATE(), INTERVAL 18 DAY), 12, 12300),
  (59, DATE_ADD(CURDATE(), INTERVAL 1 DAY), 66, 7200),
  (59, DATE_ADD(CURDATE(), INTERVAL 10 DAY), 84, 7200),
  (59, DATE_ADD(CURDATE(), INTERVAL 14 DAY), 98, 7200),
  (59, DATE_ADD(CURDATE(), INTERVAL 18 DAY), 53, 7200),
  (60, DATE_ADD(CURDATE(), INTERVAL 1 DAY), 69, 5900),
  (60, DATE_ADD(CURDATE(), INTERVAL 6 DAY), 14, 5900),
  (60, DATE_ADD(CURDATE(), INTERVAL 10 DAY), 64, 5900),
  (60, DATE_ADD(CURDATE(), INTERVAL 14 DAY), 29, 5900),
  (61, DATE_ADD(CURDATE(), INTERVAL 1 DAY), 41, 18000),
  (61, DATE_ADD(CURDATE(), INTERVAL 3 DAY), 15, 18000),
  (61, DATE_ADD(CURDATE(), INTERVAL 10 DAY), 10, 18000),
  (61, DATE_ADD(CURDATE(), INTERVAL 18 DAY), 51, 18000),
  (62, DATE_ADD(CURDATE(), INTERVAL 1 DAY), 54, 3500),
  (62, DATE_ADD(CURDATE(), INTERVAL 3 DAY), 111, 3500),
  (62, DATE_ADD(CURDATE(), INTERVAL 10 DAY), 85, 3500),
  (62, DATE_ADD(CURDATE(), INTERVAL 18 DAY), 20, 3500),
  (63, DATE_ADD(CURDATE(), INTERVAL 3 DAY), 73, 900),
  (63, DATE_ADD(CURDATE(), INTERVAL 6 DAY), 95, 900),
  (63, DATE_ADD(CURDATE(), INTERVAL 10 DAY), 79, 900),
  (63, DATE_ADD(CURDATE(), INTERVAL 14 DAY), 80, 900),
  (64, DATE_ADD(CURDATE(), INTERVAL 1 DAY), 116, 500),
  (64, DATE_ADD(CURDATE(), INTERVAL 6 DAY), 104, 500),
  (64, DATE_ADD(CURDATE(), INTERVAL 10 DAY), 101, 500),
  (64, DATE_ADD(CURDATE(), INTERVAL 14 DAY), 60, 500),
  (65, DATE_ADD(CURDATE(), INTERVAL 3 DAY), 57, 500),
  (65, DATE_ADD(CURDATE(), INTERVAL 6 DAY), 62, 500),
  (65, DATE_ADD(CURDATE(), INTERVAL 10 DAY), 28, 500),
  (65, DATE_ADD(CURDATE(), INTERVAL 18 DAY), 55, 500),
  (66, DATE_ADD(CURDATE(), INTERVAL 1 DAY), 57, 500),
  (66, DATE_ADD(CURDATE(), INTERVAL 3 DAY), 51, 500),
  (66, DATE_ADD(CURDATE(), INTERVAL 10 DAY), 30, 500),
  (66, DATE_ADD(CURDATE(), INTERVAL 14 DAY), 85, 500),
  (67, DATE_ADD(CURDATE(), INTERVAL 1 DAY), 94, 25900),
  (67, DATE_ADD(CURDATE(), INTERVAL 10 DAY), 46, 25900),
  (67, DATE_ADD(CURDATE(), INTERVAL 14 DAY), 60, 25900),
  (67, DATE_ADD(CURDATE(), INTERVAL 18 DAY), 68, 25900),
  (68, DATE_ADD(CURDATE(), INTERVAL 3 DAY), 94, 39600),
  (68, DATE_ADD(CURDATE(), INTERVAL 6 DAY), 79, 39600),
  (68, DATE_ADD(CURDATE(), INTERVAL 10 DAY), 17, 39600),
  (68, DATE_ADD(CURDATE(), INTERVAL 18 DAY), 41, 39600),
  (69, DATE_ADD(CURDATE(), INTERVAL 1 DAY), 111, 300),
  (69, DATE_ADD(CURDATE(), INTERVAL 3 DAY), 24, 300),
  (69, DATE_ADD(CURDATE(), INTERVAL 6 DAY), 114, 300),
  (69, DATE_ADD(CURDATE(), INTERVAL 10 DAY), 77, 300),
  (70, DATE_ADD(CURDATE(), INTERVAL 1 DAY), 89, 10000),
  (70, DATE_ADD(CURDATE(), INTERVAL 6 DAY), 25, 10000),
  (70, DATE_ADD(CURDATE(), INTERVAL 10 DAY), 115, 10000),
  (70, DATE_ADD(CURDATE(), INTERVAL 18 DAY), 115, 10000),
  (71, DATE_ADD(CURDATE(), INTERVAL 3 DAY), 112, 7000),
  (71, DATE_ADD(CURDATE(), INTERVAL 6 DAY), 114, 7000),
  (71, DATE_ADD(CURDATE(), INTERVAL 14 DAY), 19, 7000),
  (71, DATE_ADD(CURDATE(), INTERVAL 18 DAY), 37, 7000),
  (72, DATE_ADD(CURDATE(), INTERVAL 1 DAY), 24, 18700),
  (72, DATE_ADD(CURDATE(), INTERVAL 3 DAY), 72, 18700),
  (72, DATE_ADD(CURDATE(), INTERVAL 10 DAY), 10, 18700),
  (72, DATE_ADD(CURDATE(), INTERVAL 14 DAY), 72, 18700),
  (73, DATE_ADD(CURDATE(), INTERVAL 3 DAY), 66, 9400),
  (73, DATE_ADD(CURDATE(), INTERVAL 6 DAY), 64, 9400),
  (73, DATE_ADD(CURDATE(), INTERVAL 14 DAY), 35, 9400),
  (73, DATE_ADD(CURDATE(), INTERVAL 18 DAY), 75, 9400),
  (74, DATE_ADD(CURDATE(), INTERVAL 1 DAY), 63, 2300),
  (74, DATE_ADD(CURDATE(), INTERVAL 6 DAY), 82, 2300),
  (74, DATE_ADD(CURDATE(), INTERVAL 10 DAY), 90, 2300),
  (74, DATE_ADD(CURDATE(), INTERVAL 14 DAY), 56, 2300),
  (75, DATE_ADD(CURDATE(), INTERVAL 1 DAY), 99, 5800),
  (75, DATE_ADD(CURDATE(), INTERVAL 6 DAY), 93, 5800),
  (75, DATE_ADD(CURDATE(), INTERVAL 10 DAY), 79, 5800),
  (75, DATE_ADD(CURDATE(), INTERVAL 14 DAY), 39, 5800),
  (76, DATE_ADD(CURDATE(), INTERVAL 3 DAY), 19, 1600),
  (76, DATE_ADD(CURDATE(), INTERVAL 6 DAY), 112, 1600),
  (76, DATE_ADD(CURDATE(), INTERVAL 14 DAY), 71, 1600),
  (76, DATE_ADD(CURDATE(), INTERVAL 18 DAY), 58, 1600),
  (77, DATE_ADD(CURDATE(), INTERVAL 1 DAY), 49, 18900),
  (77, DATE_ADD(CURDATE(), INTERVAL 3 DAY), 95, 18900),
  (77, DATE_ADD(CURDATE(), INTERVAL 10 DAY), 77, 18900),
  (77, DATE_ADD(CURDATE(), INTERVAL 18 DAY), 62, 18900),
  (78, DATE_ADD(CURDATE(), INTERVAL 1 DAY), 56, 16400),
  (78, DATE_ADD(CURDATE(), INTERVAL 3 DAY), 23, 16400),
  (78, DATE_ADD(CURDATE(), INTERVAL 6 DAY), 39, 16400),
  (78, DATE_ADD(CURDATE(), INTERVAL 14 DAY), 103, 16400),
  (79, DATE_ADD(CURDATE(), INTERVAL 1 DAY), 69, 14400),
  (79, DATE_ADD(CURDATE(), INTERVAL 3 DAY), 11, 14400),
  (79, DATE_ADD(CURDATE(), INTERVAL 6 DAY), 20, 14400),
  (79, DATE_ADD(CURDATE(), INTERVAL 14 DAY), 59, 14400),
  (80, DATE_ADD(CURDATE(), INTERVAL 3 DAY), 11, 15900),
  (80, DATE_ADD(CURDATE(), INTERVAL 6 DAY), 43, 15900),
  (80, DATE_ADD(CURDATE(), INTERVAL 14 DAY), 66, 15900),
  (80, DATE_ADD(CURDATE(), INTERVAL 18 DAY), 111, 15900),
  (81, DATE_ADD(CURDATE(), INTERVAL 1 DAY), 85, 12900),
  (81, DATE_ADD(CURDATE(), INTERVAL 6 DAY), 41, 12900),
  (81, DATE_ADD(CURDATE(), INTERVAL 10 DAY), 95, 12900),
  (81, DATE_ADD(CURDATE(), INTERVAL 18 DAY), 102, 12900),
  (82, DATE_ADD(CURDATE(), INTERVAL 1 DAY), 78, 10100),
  (82, DATE_ADD(CURDATE(), INTERVAL 6 DAY), 19, 10100),
  (82, DATE_ADD(CURDATE(), INTERVAL 14 DAY), 84, 10100),
  (82, DATE_ADD(CURDATE(), INTERVAL 18 DAY), 108, 10100),
  (83, DATE_ADD(CURDATE(), INTERVAL 1 DAY), 98, 5800),
  (83, DATE_ADD(CURDATE(), INTERVAL 3 DAY), 31, 5800),
  (83, DATE_ADD(CURDATE(), INTERVAL 6 DAY), 11, 5800),
  (83, DATE_ADD(CURDATE(), INTERVAL 10 DAY), 110, 5800),
  (84, DATE_ADD(CURDATE(), INTERVAL 1 DAY), 100, 5200),
  (84, DATE_ADD(CURDATE(), INTERVAL 3 DAY), 76, 5200),
  (84, DATE_ADD(CURDATE(), INTERVAL 10 DAY), 117, 5200),
  (84, DATE_ADD(CURDATE(), INTERVAL 18 DAY), 98, 5200),
  (85, DATE_ADD(CURDATE(), INTERVAL 1 DAY), 116, 4700),
  (85, DATE_ADD(CURDATE(), INTERVAL 3 DAY), 112, 4700),
  (85, DATE_ADD(CURDATE(), INTERVAL 14 DAY), 23, 4700),
  (85, DATE_ADD(CURDATE(), INTERVAL 18 DAY), 94, 4700),
  (86, DATE_ADD(CURDATE(), INTERVAL 6 DAY), 22, 7800),
  (86, DATE_ADD(CURDATE(), INTERVAL 10 DAY), 23, 7800),
  (86, DATE_ADD(CURDATE(), INTERVAL 14 DAY), 86, 7800),
  (86, DATE_ADD(CURDATE(), INTERVAL 18 DAY), 65, 7800),
  (87, DATE_ADD(CURDATE(), INTERVAL 1 DAY), 99, 6900),
  (87, DATE_ADD(CURDATE(), INTERVAL 6 DAY), 90, 6900),
  (87, DATE_ADD(CURDATE(), INTERVAL 10 DAY), 15, 6900),
  (87, DATE_ADD(CURDATE(), INTERVAL 14 DAY), 31, 6900),
  (88, DATE_ADD(CURDATE(), INTERVAL 1 DAY), 66, 6200),
  (88, DATE_ADD(CURDATE(), INTERVAL 10 DAY), 15, 6200),
  (88, DATE_ADD(CURDATE(), INTERVAL 14 DAY), 17, 6200),
  (88, DATE_ADD(CURDATE(), INTERVAL 18 DAY), 77, 6200),
  (89, DATE_ADD(CURDATE(), INTERVAL 1 DAY), 50, 7900),
  (89, DATE_ADD(CURDATE(), INTERVAL 6 DAY), 20, 7900),
  (89, DATE_ADD(CURDATE(), INTERVAL 10 DAY), 94, 7900),
  (89, DATE_ADD(CURDATE(), INTERVAL 14 DAY), 30, 7900),
  (90, DATE_ADD(CURDATE(), INTERVAL 6 DAY), 105, 7000),
  (90, DATE_ADD(CURDATE(), INTERVAL 10 DAY), 72, 7000),
  (90, DATE_ADD(CURDATE(), INTERVAL 14 DAY), 59, 7000),
  (90, DATE_ADD(CURDATE(), INTERVAL 18 DAY), 25, 7000),
  (91, DATE_ADD(CURDATE(), INTERVAL 3 DAY), 38, 6900),
  (91, DATE_ADD(CURDATE(), INTERVAL 6 DAY), 81, 6900),
  (91, DATE_ADD(CURDATE(), INTERVAL 10 DAY), 58, 6900),
  (91, DATE_ADD(CURDATE(), INTERVAL 18 DAY), 113, 6900),
  (92, DATE_ADD(CURDATE(), INTERVAL 1 DAY), 24, 1600),
  (92, DATE_ADD(CURDATE(), INTERVAL 3 DAY), 23, 1600),
  (92, DATE_ADD(CURDATE(), INTERVAL 6 DAY), 117, 1600),
  (92, DATE_ADD(CURDATE(), INTERVAL 14 DAY), 24, 1600),
  (93, DATE_ADD(CURDATE(), INTERVAL 1 DAY), 54, 2800),
  (93, DATE_ADD(CURDATE(), INTERVAL 3 DAY), 79, 2800),
  (93, DATE_ADD(CURDATE(), INTERVAL 10 DAY), 116, 2800),
  (93, DATE_ADD(CURDATE(), INTERVAL 18 DAY), 55, 2800),
  (94, DATE_ADD(CURDATE(), INTERVAL 3 DAY), 111, 1500),
  (94, DATE_ADD(CURDATE(), INTERVAL 10 DAY), 13, 1500),
  (94, DATE_ADD(CURDATE(), INTERVAL 14 DAY), 42, 1500),
  (94, DATE_ADD(CURDATE(), INTERVAL 18 DAY), 56, 1500),
  (95, DATE_ADD(CURDATE(), INTERVAL 1 DAY), 74, 2700),
  (95, DATE_ADD(CURDATE(), INTERVAL 3 DAY), 87, 2700),
  (95, DATE_ADD(CURDATE(), INTERVAL 14 DAY), 70, 2700),
  (95, DATE_ADD(CURDATE(), INTERVAL 18 DAY), 81, 2700),
  (96, DATE_ADD(CURDATE(), INTERVAL 3 DAY), 31, 4600),
  (96, DATE_ADD(CURDATE(), INTERVAL 6 DAY), 57, 4600),
  (96, DATE_ADD(CURDATE(), INTERVAL 14 DAY), 68, 4600),
  (96, DATE_ADD(CURDATE(), INTERVAL 18 DAY), 78, 4600),
  (97, DATE_ADD(CURDATE(), INTERVAL 3 DAY), 24, 4500),
  (97, DATE_ADD(CURDATE(), INTERVAL 6 DAY), 111, 4500),
  (97, DATE_ADD(CURDATE(), INTERVAL 10 DAY), 103, 4500),
  (97, DATE_ADD(CURDATE(), INTERVAL 14 DAY), 65, 4500),
  (98, DATE_ADD(CURDATE(), INTERVAL 3 DAY), 52, 5000),
  (98, DATE_ADD(CURDATE(), INTERVAL 10 DAY), 64, 5000),
  (98, DATE_ADD(CURDATE(), INTERVAL 14 DAY), 14, 5000),
  (98, DATE_ADD(CURDATE(), INTERVAL 18 DAY), 22, 5000),
  (99, DATE_ADD(CURDATE(), INTERVAL 1 DAY), 72, 5100),
  (99, DATE_ADD(CURDATE(), INTERVAL 10 DAY), 46, 5100),
  (99, DATE_ADD(CURDATE(), INTERVAL 14 DAY), 63, 5100),
  (99, DATE_ADD(CURDATE(), INTERVAL 18 DAY), 29, 5100),
  (100, DATE_ADD(CURDATE(), INTERVAL 1 DAY), 87, 1500),
  (100, DATE_ADD(CURDATE(), INTERVAL 10 DAY), 104, 1500),
  (100, DATE_ADD(CURDATE(), INTERVAL 14 DAY), 55, 1500),
  (100, DATE_ADD(CURDATE(), INTERVAL 18 DAY), 50, 1500),
  (101, DATE_ADD(CURDATE(), INTERVAL 1 DAY), 65, 6500),
  (101, DATE_ADD(CURDATE(), INTERVAL 10 DAY), 115, 6500),
  (101, DATE_ADD(CURDATE(), INTERVAL 14 DAY), 18, 6500),
  (101, DATE_ADD(CURDATE(), INTERVAL 18 DAY), 119, 6500),
  (102, DATE_ADD(CURDATE(), INTERVAL 3 DAY), 92, 5200),
  (102, DATE_ADD(CURDATE(), INTERVAL 6 DAY), 52, 5200),
  (102, DATE_ADD(CURDATE(), INTERVAL 14 DAY), 111, 5200),
  (102, DATE_ADD(CURDATE(), INTERVAL 18 DAY), 80, 5200),
  (103, DATE_ADD(CURDATE(), INTERVAL 1 DAY), 88, 7400),
  (103, DATE_ADD(CURDATE(), INTERVAL 3 DAY), 28, 7400),
  (103, DATE_ADD(CURDATE(), INTERVAL 6 DAY), 55, 7400),
  (103, DATE_ADD(CURDATE(), INTERVAL 14 DAY), 101, 7400),
  (104, DATE_ADD(CURDATE(), INTERVAL 3 DAY), 81, 2800),
  (104, DATE_ADD(CURDATE(), INTERVAL 6 DAY), 25, 2800),
  (104, DATE_ADD(CURDATE(), INTERVAL 10 DAY), 65, 2800),
  (104, DATE_ADD(CURDATE(), INTERVAL 14 DAY), 59, 2800),
  (105, DATE_ADD(CURDATE(), INTERVAL 1 DAY), 62, 6200),
  (105, DATE_ADD(CURDATE(), INTERVAL 3 DAY), 61, 6200),
  (105, DATE_ADD(CURDATE(), INTERVAL 10 DAY), 111, 6200),
  (105, DATE_ADD(CURDATE(), INTERVAL 18 DAY), 26, 6200),
  (106, DATE_ADD(CURDATE(), INTERVAL 1 DAY), 31, 3100),
  (106, DATE_ADD(CURDATE(), INTERVAL 10 DAY), 42, 3100),
  (106, DATE_ADD(CURDATE(), INTERVAL 14 DAY), 31, 3100),
  (106, DATE_ADD(CURDATE(), INTERVAL 18 DAY), 63, 3100),
  (107, DATE_ADD(CURDATE(), INTERVAL 1 DAY), 102, 4500),
  (107, DATE_ADD(CURDATE(), INTERVAL 3 DAY), 102, 4500),
  (107, DATE_ADD(CURDATE(), INTERVAL 6 DAY), 103, 4500),
  (107, DATE_ADD(CURDATE(), INTERVAL 14 DAY), 80, 4500),
  (108, DATE_ADD(CURDATE(), INTERVAL 3 DAY), 89, 10800),
  (108, DATE_ADD(CURDATE(), INTERVAL 10 DAY), 50, 10800),
  (108, DATE_ADD(CURDATE(), INTERVAL 14 DAY), 91, 10800),
  (108, DATE_ADD(CURDATE(), INTERVAL 18 DAY), 69, 10800),
  (109, DATE_ADD(CURDATE(), INTERVAL 3 DAY), 85, 13500),
  (109, DATE_ADD(CURDATE(), INTERVAL 10 DAY), 103, 13500),
  (109, DATE_ADD(CURDATE(), INTERVAL 14 DAY), 50, 13500),
  (109, DATE_ADD(CURDATE(), INTERVAL 18 DAY), 65, 13500),
  (110, DATE_ADD(CURDATE(), INTERVAL 1 DAY), 74, 9600),
  (110, DATE_ADD(CURDATE(), INTERVAL 3 DAY), 64, 9600),
  (110, DATE_ADD(CURDATE(), INTERVAL 6 DAY), 103, 9600),
  (110, DATE_ADD(CURDATE(), INTERVAL 14 DAY), 68, 9600),
  (111, DATE_ADD(CURDATE(), INTERVAL 1 DAY), 53, 6700),
  (111, DATE_ADD(CURDATE(), INTERVAL 3 DAY), 29, 6700),
  (111, DATE_ADD(CURDATE(), INTERVAL 10 DAY), 10, 6700),
  (111, DATE_ADD(CURDATE(), INTERVAL 18 DAY), 47, 6700),
  (112, DATE_ADD(CURDATE(), INTERVAL 1 DAY), 56, 4100),
  (112, DATE_ADD(CURDATE(), INTERVAL 3 DAY), 43, 4100),
  (112, DATE_ADD(CURDATE(), INTERVAL 10 DAY), 25, 4100),
  (112, DATE_ADD(CURDATE(), INTERVAL 14 DAY), 75, 4100),
  (113, DATE_ADD(CURDATE(), INTERVAL 1 DAY), 88, 5200),
  (113, DATE_ADD(CURDATE(), INTERVAL 3 DAY), 117, 5200),
  (113, DATE_ADD(CURDATE(), INTERVAL 14 DAY), 98, 5200),
  (113, DATE_ADD(CURDATE(), INTERVAL 18 DAY), 78, 5200),
  (114, DATE_ADD(CURDATE(), INTERVAL 3 DAY), 41, 4700),
  (114, DATE_ADD(CURDATE(), INTERVAL 10 DAY), 115, 4700),
  (114, DATE_ADD(CURDATE(), INTERVAL 14 DAY), 78, 4700),
  (114, DATE_ADD(CURDATE(), INTERVAL 18 DAY), 96, 4700),
  (115, DATE_ADD(CURDATE(), INTERVAL 1 DAY), 81, 1200),
  (115, DATE_ADD(CURDATE(), INTERVAL 6 DAY), 70, 1200),
  (115, DATE_ADD(CURDATE(), INTERVAL 10 DAY), 115, 1200),
  (115, DATE_ADD(CURDATE(), INTERVAL 14 DAY), 81, 1200),
  (116, DATE_ADD(CURDATE(), INTERVAL 1 DAY), 116, 1700),
  (116, DATE_ADD(CURDATE(), INTERVAL 6 DAY), 92, 1700),
  (116, DATE_ADD(CURDATE(), INTERVAL 14 DAY), 80, 1700),
  (116, DATE_ADD(CURDATE(), INTERVAL 18 DAY), 48, 1700),
  (117, DATE_ADD(CURDATE(), INTERVAL 1 DAY), 106, 2900),
  (117, DATE_ADD(CURDATE(), INTERVAL 3 DAY), 118, 2900),
  (117, DATE_ADD(CURDATE(), INTERVAL 10 DAY), 104, 2900),
  (117, DATE_ADD(CURDATE(), INTERVAL 14 DAY), 61, 2900),
  (118, DATE_ADD(CURDATE(), INTERVAL 1 DAY), 34, 6700),
  (118, DATE_ADD(CURDATE(), INTERVAL 6 DAY), 71, 6700),
  (118, DATE_ADD(CURDATE(), INTERVAL 14 DAY), 69, 6700),
  (118, DATE_ADD(CURDATE(), INTERVAL 18 DAY), 98, 6700),
  (119, DATE_ADD(CURDATE(), INTERVAL 3 DAY), 114, 2700),
  (119, DATE_ADD(CURDATE(), INTERVAL 6 DAY), 15, 2700),
  (119, DATE_ADD(CURDATE(), INTERVAL 14 DAY), 50, 2700),
  (119, DATE_ADD(CURDATE(), INTERVAL 18 DAY), 22, 2700),
  (120, DATE_ADD(CURDATE(), INTERVAL 6 DAY), 91, 3700),
  (120, DATE_ADD(CURDATE(), INTERVAL 10 DAY), 91, 3700),
  (120, DATE_ADD(CURDATE(), INTERVAL 14 DAY), 53, 3700),
  (120, DATE_ADD(CURDATE(), INTERVAL 18 DAY), 98, 3700),
  (121, DATE_ADD(CURDATE(), INTERVAL 1 DAY), 58, 5300),
  (121, DATE_ADD(CURDATE(), INTERVAL 3 DAY), 10, 5300),
  (121, DATE_ADD(CURDATE(), INTERVAL 10 DAY), 114, 5300),
  (121, DATE_ADD(CURDATE(), INTERVAL 18 DAY), 66, 5300),
  (122, DATE_ADD(CURDATE(), INTERVAL 1 DAY), 77, 6100),
  (122, DATE_ADD(CURDATE(), INTERVAL 6 DAY), 83, 6100),
  (122, DATE_ADD(CURDATE(), INTERVAL 10 DAY), 38, 6100),
  (122, DATE_ADD(CURDATE(), INTERVAL 14 DAY), 36, 6100),
  (123, DATE_ADD(CURDATE(), INTERVAL 3 DAY), 88, 3300),
  (123, DATE_ADD(CURDATE(), INTERVAL 6 DAY), 74, 3300),
  (123, DATE_ADD(CURDATE(), INTERVAL 10 DAY), 59, 3300),
  (123, DATE_ADD(CURDATE(), INTERVAL 14 DAY), 53, 3300),
  (124, DATE_ADD(CURDATE(), INTERVAL 1 DAY), 84, 3000),
  (124, DATE_ADD(CURDATE(), INTERVAL 6 DAY), 47, 3000),
  (124, DATE_ADD(CURDATE(), INTERVAL 14 DAY), 59, 3000),
  (124, DATE_ADD(CURDATE(), INTERVAL 18 DAY), 88, 3000),
  (125, DATE_ADD(CURDATE(), INTERVAL 6 DAY), 68, 2300),
  (125, DATE_ADD(CURDATE(), INTERVAL 10 DAY), 25, 2300),
  (125, DATE_ADD(CURDATE(), INTERVAL 14 DAY), 23, 2300),
  (125, DATE_ADD(CURDATE(), INTERVAL 18 DAY), 73, 2300),
  (126, DATE_ADD(CURDATE(), INTERVAL 6 DAY), 64, 2600),
  (126, DATE_ADD(CURDATE(), INTERVAL 10 DAY), 110, 2600),
  (126, DATE_ADD(CURDATE(), INTERVAL 14 DAY), 34, 2600),
  (126, DATE_ADD(CURDATE(), INTERVAL 18 DAY), 64, 2600),
  (127, DATE_ADD(CURDATE(), INTERVAL 1 DAY), 71, 76900),
  (127, DATE_ADD(CURDATE(), INTERVAL 3 DAY), 11, 76900),
  (127, DATE_ADD(CURDATE(), INTERVAL 10 DAY), 43, 76900),
  (127, DATE_ADD(CURDATE(), INTERVAL 18 DAY), 59, 76900),
  (128, DATE_ADD(CURDATE(), INTERVAL 3 DAY), 115, 1400),
  (128, DATE_ADD(CURDATE(), INTERVAL 6 DAY), 92, 1400),
  (128, DATE_ADD(CURDATE(), INTERVAL 10 DAY), 65, 1400),
  (128, DATE_ADD(CURDATE(), INTERVAL 14 DAY), 69, 1400),
  (129, DATE_ADD(CURDATE(), INTERVAL 1 DAY), 107, 2000),
  (129, DATE_ADD(CURDATE(), INTERVAL 3 DAY), 109, 2000),
  (129, DATE_ADD(CURDATE(), INTERVAL 6 DAY), 43, 2000),
  (129, DATE_ADD(CURDATE(), INTERVAL 14 DAY), 68, 2000),
  (130, DATE_ADD(CURDATE(), INTERVAL 1 DAY), 104, 3000),
  (130, DATE_ADD(CURDATE(), INTERVAL 6 DAY), 36, 3000),
  (130, DATE_ADD(CURDATE(), INTERVAL 10 DAY), 42, 3000),
  (130, DATE_ADD(CURDATE(), INTERVAL 14 DAY), 45, 3000),
  (131, DATE_ADD(CURDATE(), INTERVAL 1 DAY), 37, 16200),
  (131, DATE_ADD(CURDATE(), INTERVAL 3 DAY), 97, 16200),
  (131, DATE_ADD(CURDATE(), INTERVAL 14 DAY), 74, 16200),
  (131, DATE_ADD(CURDATE(), INTERVAL 18 DAY), 96, 16200),
  (132, DATE_ADD(CURDATE(), INTERVAL 3 DAY), 38, 6300),
  (132, DATE_ADD(CURDATE(), INTERVAL 6 DAY), 99, 6300),
  (132, DATE_ADD(CURDATE(), INTERVAL 10 DAY), 83, 6300),
  (132, DATE_ADD(CURDATE(), INTERVAL 18 DAY), 109, 6300),
  (133, DATE_ADD(CURDATE(), INTERVAL 1 DAY), 56, 12800),
  (133, DATE_ADD(CURDATE(), INTERVAL 3 DAY), 81, 12800),
  (133, DATE_ADD(CURDATE(), INTERVAL 6 DAY), 45, 12800),
  (133, DATE_ADD(CURDATE(), INTERVAL 18 DAY), 115, 12800),
  (134, DATE_ADD(CURDATE(), INTERVAL 1 DAY), 91, 6800),
  (134, DATE_ADD(CURDATE(), INTERVAL 3 DAY), 21, 6800),
  (134, DATE_ADD(CURDATE(), INTERVAL 6 DAY), 42, 6800),
  (134, DATE_ADD(CURDATE(), INTERVAL 10 DAY), 14, 6800),
  (135, DATE_ADD(CURDATE(), INTERVAL 1 DAY), 96, 10300),
  (135, DATE_ADD(CURDATE(), INTERVAL 6 DAY), 44, 10300),
  (135, DATE_ADD(CURDATE(), INTERVAL 14 DAY), 15, 10300),
  (135, DATE_ADD(CURDATE(), INTERVAL 18 DAY), 15, 10300),
  (136, DATE_ADD(CURDATE(), INTERVAL 1 DAY), 59, 5100),
  (136, DATE_ADD(CURDATE(), INTERVAL 3 DAY), 32, 5100),
  (136, DATE_ADD(CURDATE(), INTERVAL 6 DAY), 117, 5100),
  (136, DATE_ADD(CURDATE(), INTERVAL 14 DAY), 43, 5100),
  (137, DATE_ADD(CURDATE(), INTERVAL 1 DAY), 55, 3200),
  (137, DATE_ADD(CURDATE(), INTERVAL 3 DAY), 104, 3200),
  (137, DATE_ADD(CURDATE(), INTERVAL 6 DAY), 27, 3200),
  (137, DATE_ADD(CURDATE(), INTERVAL 18 DAY), 10, 3200),
  (138, DATE_ADD(CURDATE(), INTERVAL 1 DAY), 70, 10500),
  (138, DATE_ADD(CURDATE(), INTERVAL 3 DAY), 95, 10500),
  (138, DATE_ADD(CURDATE(), INTERVAL 6 DAY), 61, 10500),
  (138, DATE_ADD(CURDATE(), INTERVAL 10 DAY), 102, 10500),
  (139, DATE_ADD(CURDATE(), INTERVAL 1 DAY), 104, 18500),
  (139, DATE_ADD(CURDATE(), INTERVAL 3 DAY), 85, 18500),
  (139, DATE_ADD(CURDATE(), INTERVAL 10 DAY), 46, 18500),
  (139, DATE_ADD(CURDATE(), INTERVAL 18 DAY), 35, 18500),
  (140, DATE_ADD(CURDATE(), INTERVAL 1 DAY), 105, 15300),
  (140, DATE_ADD(CURDATE(), INTERVAL 6 DAY), 88, 15300),
  (140, DATE_ADD(CURDATE(), INTERVAL 10 DAY), 31, 15300),
  (140, DATE_ADD(CURDATE(), INTERVAL 14 DAY), 26, 15300),
  (141, DATE_ADD(CURDATE(), INTERVAL 1 DAY), 112, 3000),
  (141, DATE_ADD(CURDATE(), INTERVAL 3 DAY), 30, 3000),
  (141, DATE_ADD(CURDATE(), INTERVAL 14 DAY), 99, 3000),
  (141, DATE_ADD(CURDATE(), INTERVAL 18 DAY), 13, 3000),
  (142, DATE_ADD(CURDATE(), INTERVAL 1 DAY), 35, 3800),
  (142, DATE_ADD(CURDATE(), INTERVAL 6 DAY), 74, 3800),
  (142, DATE_ADD(CURDATE(), INTERVAL 10 DAY), 85, 3800),
  (142, DATE_ADD(CURDATE(), INTERVAL 18 DAY), 103, 3800),
  (143, DATE_ADD(CURDATE(), INTERVAL 1 DAY), 108, 17100),
  (143, DATE_ADD(CURDATE(), INTERVAL 3 DAY), 95, 17100),
  (143, DATE_ADD(CURDATE(), INTERVAL 10 DAY), 119, 17100),
  (143, DATE_ADD(CURDATE(), INTERVAL 14 DAY), 104, 17100),
  (144, DATE_ADD(CURDATE(), INTERVAL 1 DAY), 110, 10900),
  (144, DATE_ADD(CURDATE(), INTERVAL 10 DAY), 118, 10900),
  (144, DATE_ADD(CURDATE(), INTERVAL 14 DAY), 18, 10900),
  (144, DATE_ADD(CURDATE(), INTERVAL 18 DAY), 49, 10900),
  (145, DATE_ADD(CURDATE(), INTERVAL 1 DAY), 42, 2200),
  (145, DATE_ADD(CURDATE(), INTERVAL 3 DAY), 33, 2200),
  (145, DATE_ADD(CURDATE(), INTERVAL 6 DAY), 66, 2200),
  (145, DATE_ADD(CURDATE(), INTERVAL 10 DAY), 55, 2200),
  (146, DATE_ADD(CURDATE(), INTERVAL 1 DAY), 52, 7500),
  (146, DATE_ADD(CURDATE(), INTERVAL 10 DAY), 12, 7500),
  (146, DATE_ADD(CURDATE(), INTERVAL 14 DAY), 87, 7500),
  (146, DATE_ADD(CURDATE(), INTERVAL 18 DAY), 28, 7500);
